Date	Route	Rating	Notes	URL	Pitches	Location	Avg Stars	Your Stars	Style	Lead Style	Route Type	Your Rating
2017-11-25	Risky Bear	5.6 4c 14 V 12 S 4b		https://www.mountainproject.com/v/risky-bear/108524408	1	New York : Powerlinez : k. Tower Wall area : 5. Three Bears Wall	2.3	-1	Lead	Onsight	Trad, TR	
2017-11-25	Goldilocks	5.6 4c 14 V 12 S 4b PG13		https://www.mountainproject.com/v/goldilocks/108831255	1	New York : Powerlinez : k. Tower Wall area : 5. Three Bears Wall	2.2	-1	Lead	Onsight	Trad, TR	
2017-11-25	Dead Tree Dihedral	5.7 5a 15 V+ 13 MVS 4b		https://www.mountainproject.com/v/dead-tree-dihedral/109455117	1	New York : Powerlinez : k. Tower Wall area : 6. The Tower Wall	3.0	-1	Lead	Onsight	Trad, TR	
2017-11-25	Ogre Arete	5.9 5c 17 VI 17 HVS 5a		https://www.mountainproject.com/v/ogre-arete/108425190	1	New York : Powerlinez : k. Tower Wall area : 6. The Tower Wall	2.8	-1	TR		Trad, TR	
2017-11-25	Oliphant Crack	V2 5+	Boulder problem 	https://www.mountainproject.com/v/oliphant-crack/108393137	1	New York : Powerlinez : * Powerlinez Bouldering : Welcome Boulders : Oliphant Boulder	2.8	-1	Lead	Onsight	Boulder	
2017-11-12	Son of Easy O	5.8 5b 16 VI- 15 HVS 4c		https://www.mountainproject.com/v/son-of-easy-o/105821512	2	New York : The Gunks : The Trapps : c. Frog's Head - the Arch	3.8	-1	Lead	Onsight	Trad	
2017-11-12	Try Again	5.10b/c 6b 20 VII 20 E2 5b		https://www.mountainproject.com/v/try-again/105799088	1	New York : The Gunks : The Trapps : e. The Mac Wall (Something ...	3.0	-1	Follow		Trad	
2017-11-12	Star Action	5.10b 6a+ 19 VII- 19 E2 5b		https://www.mountainproject.com/v/star-action/105803185	2	New York : The Gunks : The Trapps : e. The Mac Wall (Something ...	3.4	-1	Follow		Trad	
2017-10-22	Strictly From Nowhere	5.7 5a 15 V+ 13 MVS 4b	Followed p1 and traversed to shockleys	https://www.mountainproject.com/v/strictly-from-nowhere/105799704	2	New York : The Gunks : The Trapps : d. Strictly - Shockley's	3.3	-1	Follow		Trad	
2017-10-22	Shockley's Ceiling	5.6 4c 14 V 12 S 4b	Traversed over from strictly and led p3	https://www.mountainproject.com/v/shockleys-ceiling/105799687	1	New York : The Gunks : The Trapps : d. Strictly - Shockley's	3.5	-1	Lead	Redpoint	Trad	
2017-10-22	High Exposure	5.6 4c 14 V 12 S 4b	Led p1 and followed p2	https://www.mountainproject.com/v/high-exposure/105798994	2	New York : The Gunks : The Trapps : i. High E	3.8	-1	Lead	Redpoint	Trad	
2017-10-15	Sixth Sense	5.6 4c 14 V 12 S 4b		https://www.mountainproject.com/v/sixth-sense/105921786	1	New Hampshire : *Rumney : Below the New Wave	1.3	-1	Lead	Onsight	Sport	
2017-10-15	Son of Sammy	5.8+ 5b 16 VI- 15 HVS 4c		https://www.mountainproject.com/v/son-of-sammy/105921754	1	New Hampshire : *Rumney : Below the New Wave	2.1	-1	Lead	Onsight	Sport	
2017-10-15	Couch Potato	5.9 5c 17 VI 17 HVS 5a		https://www.mountainproject.com/v/couch-potato/105921772	1	New Hampshire : *Rumney : Below the New Wave	2.0	-1	Lead	Onsight	Sport	
2017-10-15	Debbie Does CPR	5.11a 6c 22 VII+ 22 E3 5c		https://www.mountainproject.com/v/debbie-does-cpr/105921711	1	New Hampshire : *Rumney : Below the New Wave	2.2	-1	Lead	Fell/Hung	Sport	
2017-10-15	Debbie Does CPR	5.11a 6c 22 VII+ 22 E3 5c		https://www.mountainproject.com/v/debbie-does-cpr/105921711	1	New Hampshire : *Rumney : Below the New Wave	2.2	-1	Lead	Redpoint	Sport	
2017-10-15	Air and Pleasant Danger	5.8 5b 16 VI- 15 HVS 4c		https://www.mountainproject.com/v/air-and-pleasant-danger/105925159	1	New Hampshire : *Rumney : New Wave	2.3	-1	Lead	Onsight	Sport	
2017-10-14	Snake Skin Slab	5.8 5b 16 VI- 15 HVS 4c		https://www.mountainproject.com/v/snake-skin-slab/105923846	1	New Hampshire : *Rumney : 5.8 Crag	2.1	-1	Lead	Redpoint	Sport	
2017-10-14	The Terrace	5.8 5b 16 VI- 15 HVS 4c		https://www.mountainproject.com/v/the-terrace/105878180	1	New Hampshire : *Rumney : 5.8 Crag	1.3	-1	Lead	Redpoint	Sport	
2017-10-14	Chimney of Doom	5.7 5a 15 V+ 13 MVS 4b		https://www.mountainproject.com/v/chimney-of-doom/105911730	1	New Hampshire : *Rumney : 5.8 Crag	1.9	-1	TR		Trad	
2017-10-14	Bolt And Run	5.9 5c 17 VI 17 HVS 5a		https://www.mountainproject.com/v/bolt-and-run/105922323	1	New Hampshire : *Rumney : 5.8 Crag	2.3	-1	Lead	Redpoint	Sport	
2017-10-14	Romancing the Stone	5.10c 6b 20 VII 20 E2 5b		https://www.mountainproject.com/v/romancing-the-stone/105878174	1	New Hampshire : *Rumney : 5.8 Crag	2.9	-1	Lead	Fell/Hung	Sport	
2017-10-14	Crack Addict	5.8 5b 16 VI- 15 HVS 4c		https://www.mountainproject.com/v/crack-addict/110651594	1	New Hampshire : *Rumney : Main Cliff Right	2.5	-1	Lead	Onsight	Sport	
2017-10-14	Arugula, Arugula	5.10a 6a 18 VI+ 18 E1 5a		https://www.mountainproject.com/v/arugula-arugula/108005676	1	New Hampshire : *Rumney : Armed and Dangerous Area (M...	2.2	-1	Lead	Onsight	Sport	
2017-10-14	Centerpiece	5.10d 6b+ 21 VII+ 21 E3 5b		https://www.mountainproject.com/v/centerpiece/105906870	1	New Hampshire : *Rumney : Bonsai	3.3	-1	Lead	Fell/Hung	Sport	
2017-10-14	Yoda	5.9 5c 17 VI 17 HVS 5a		https://www.mountainproject.com/v/yoda/105906879	1	New Hampshire : *Rumney : Darth Vader	3.0	-1	Lead	Redpoint	Sport	
2017-10-12	Bullwinkle Goes Ballistic	5.10a 6a 18 VI+ 18 E1 5a		https://www.mountainproject.com/v/bullwinkle-goes-ballistic/106009353	1	New Hampshire : *Rumney : Below the New Wave	1.9	-1	Lead	Onsight	Sport	
2017-09-30	Sixish	5.5 4b 13 IV+ 11 MS 4a		https://www.mountainproject.com/v/sixish/105968658	3	New York : The Gunks : The Trapps : c. Frog's Head - the Arch	2.8	-1	Lead	Onsight	Trad	
2017-09-30	Black Fly	5.5 4b 13 IV+ 11 MS 4a		https://www.mountainproject.com/v/black-fly/106803063	1	New York : The Gunks : The Trapps : a1. The Uberfall - left	2.0	-1	Lead	Redpoint	Trad	
2017-09-30	Easy Overhang	5.2 3 8 II 8 D 2c		https://www.mountainproject.com/v/easy-overhang/106034654	2	New York : The Gunks : The Trapps : c. Frog's Head - the Arch	2.8	-1	Lead	Redpoint	Trad	
2017-09-30	Dennis	5.5 4b 13 IV+ 11 MS 4a		https://www.mountainproject.com/v/dennis/105968655	2	New York : The Gunks : The Trapps : b. Jackie and friends	2.4	-1	Lead	Redpoint	Trad	
2017-09-25	Classic	5.7 5a 15 V+ 13 MVS 4b	Led p1, followed p2	https://www.mountainproject.com/v/classic/105812947	2	New York : The Gunks : The Trapps : b. Jackie and friends	3.0	-1	Lead	Redpoint	Trad	
2017-09-23	Bloody Bush	5.6 4c 14 V 12 S 4b	Lead pitch 2, followed pitch 1	https://www.mountainproject.com/v/bloody-bush/106281218	2	New York : The Gunks : The Trapps : c. Frog's Head - the Arch	2.6	-1	Lead	Onsight	Trad	
2017-09-23	Baby	5.6 4c 14 V 12 S 4b	Small fall in p1 crux. Followed p2	https://www.mountainproject.com/v/baby/105799782	2	New York : The Gunks : The Trapps : c. Frog's Head - the Arch	3.0	-1	Lead	Fell/Hung	Trad	
2017-09-21	The Lorax	V3+ 6A+		https://www.mountainproject.com/v/the-lorax/106515862	1	New York : The Gunks : Trapps Bouldering : Steel Bridge Boulders	3.1	-1			Boulder	
2017-09-09	Double Chin	5.5 4b 13 IV+ 11 MS 4a		https://www.mountainproject.com/v/double-chin/106133896	1	New York : The Gunks : The Trapps : a1. The Uberfall - left	2.5	-1	Lead	Onsight	Trad	
2017-09-09	Classic	5.7 5a 15 V+ 13 MVS 4b		https://www.mountainproject.com/v/classic/105812947	2	New York : The Gunks : The Trapps : b. Jackie and friends	3.0	-1	Follow		Trad	
2017-09-09	Strictly From Nowhere	5.7 5a 15 V+ 13 MVS 4b		https://www.mountainproject.com/v/strictly-from-nowhere/105799704	1	New York : The Gunks : The Trapps : d. Strictly - Shockley's	3.3	-1	Lead	Onsight	Trad	
2017-09-03	Captain Blonde Sinks The Ship	5.11- 6c 22 VIII+ 22 E3 5c		https://www.mountainproject.com/v/captain-blonde-sinks-the-ship/106603108	1	Kentucky : Red River Gorge : Muir Valley : The Boneyard	2.8	-1			Sport	
2017-09-03	Gettin' Lucky in Kentucky	5.10b 6a+ 19 VII- 19 E2 5b		https://www.mountainproject.com/v/gettin-lucky-in-kentucky/106065461	1	Kentucky : Red River Gorge : Muir Valley : Tectonic Wall	3.4	-1	Lead		Sport	
2017-09-03	Plate Tectonics	5.9+ 5c 17 VI 17 E1 5a		https://www.mountainproject.com/v/plate-tectonics/106065471	1	Kentucky : Red River Gorge : Muir Valley : Tectonic Wall	3.3	-1	Lead	Flash	Sport	
2017-09-03	Fifth Bolt Faith	5.10c 6b 20 VII 20 E2 5b		https://www.mountainproject.com/v/fifth-bolt-faith/106170048	1	Kentucky : Red River Gorge : Muir Valley : Tectonic Wall	2.9	-1	Lead	Flash	Sport	
2017-09-03	59" DrillBitch	5.10a 6a 18 VI+ 18 E1 5a		https://www.mountainproject.com/v/59-drillbitch/106614611	1	Kentucky : Red River Gorge : Muir Valley : Johnny's Wall	2.9	-1	Lead	Flash	Sport	
2017-09-03	Spinner	5.10b 6a+ 19 VII- 19 E2 5b		https://www.mountainproject.com/v/spinner/106614626	1	Kentucky : Red River Gorge : Muir Valley : Johnny's Wall	2.8	-1	Lead		Sport	
2017-09-03	Spinner	5.10b 6a+ 19 VII- 19 E2 5b		https://www.mountainproject.com/v/spinner/106614626	1	Kentucky : Red River Gorge : Muir Valley : Johnny's Wall	2.8	-1	Lead	Redpoint	Sport	
2017-09-02	Bedtime for Bonzo	5.6 4c 14 V 12 S 4b		https://www.mountainproject.com/v/bedtime-for-bonzo/105871977	2	Kentucky : Red River Gorge : Fortress Wall	3.3	-1	Lead	Onsight	Trad	
2017-09-02	Wonkaholic	5.10a 6a 18 VI+ 18 E1 5a		https://www.mountainproject.com/v/wonkaholic/107379163	1	Kentucky : Red River Gorge : Bald Rock Recreational Pres... : Chocolate Factory	2.5	-1	Lead	Flash	Sport	
2017-09-02	Grandpa Joe	5.9 5c 17 VI 17 HVS 5a		https://www.mountainproject.com/v/grandpa-joe/109480361	1	Kentucky : Red River Gorge : Bald Rock Recreational Pres... : Chocolate Factory	2.7	-1	Lead	Onsight	Sport	
2017-09-02	EGBG	5.10a 6a 18 VI+ 18 E1 5a		https://www.mountainproject.com/v/egbg/108766319	1	Kentucky : Red River Gorge : Bald Rock Recreational Pres... : Chocolate Factory	3.4	-1	Lead	Flash	Sport	
2017-09-02	Hip to the Jive	5.11b 6c 23 VIII- 23 E3 5c		https://www.mountainproject.com/v/hip-to-the-jive/107379148	1	Kentucky : Red River Gorge : Bald Rock Recreational Pres... : Chocolate Factory	3.3	-1			Sport	
2017-09-01	Possum Lips	5.10d 6b+ 21 VII+ 21 E3 5b		https://www.mountainproject.com/v/possum-lips/105870248	1	Kentucky : Red River Gorge : Military Wall	2.6	-1	Lead		Sport	
2017-09-01	Moonbeam	5.9 5c 17 VI 17 HVS 5a	Warm up, couldn't finish because anchors were so wet 	https://www.mountainproject.com/v/moonbeam/105891677	1	Kentucky : Red River Gorge : Military Wall	2.3	-1	Lead		Sport	
2017-09-01	Possum Lips	5.10d 6b+ 21 VII+ 21 E3 5b	Fell going for the chains, so close!	https://www.mountainproject.com/v/possum-lips/105870248	1	Kentucky : Red River Gorge : Military Wall	2.6	-1	Lead		Sport	
2017-08-31	Redriveroutdoors.com	5.10a 6a 18 VI+ 18 E1 5a		https://www.mountainproject.com/v/redriveroutdoorscom/106727830	1	Kentucky : Red River Gorge : Muir Valley : Bruise Brothers Wall	2.0	-1	Lead	Onsight	Sport	
2017-08-31	Trundling Kentucky	5.8 5b 16 VI- 15 HVS 4c		https://www.mountainproject.com/v/trundling-kentucky/107537571	1	Kentucky : Red River Gorge : Muir Valley : Bruise Brothers Wall	2.0	-1	Lead	Onsight	Sport	
2017-08-31	Hey There Fancy Pants	5.10c 6b 20 VII 20 E2 5b		https://www.mountainproject.com/v/hey-there-fancy-pants/106064500	1	Kentucky : Red River Gorge : Muir Valley : Bruise Brothers Wall	2.6	-1	Lead		Sport	
2017-08-31	Stay Off the Radio Jeff!	5.9+ 5c 17 VI 17 E1 5a		https://www.mountainproject.com/v/stay-off-the-radio-jeff/107596000	1	Kentucky : Red River Gorge : Muir Valley : Bruise Brothers Wall	2.5	-1	Lead	Onsight	Sport	
2017-08-31	Sweet Jane	5.8- 5b 16 VI- 14 VS 4c		https://www.mountainproject.com/v/sweet-jane/106286280	1	Kentucky : Red River Gorge : Muir Valley : Bruise Brothers Wall	2.0	-1	Lead	Onsight	Sport	
2017-08-31	A-Beano	5.8- 5b 16 VI- 14 VS 4c		https://www.mountainproject.com/v/a-beano/106085035	1	Kentucky : Red River Gorge : Muir Valley : Bruise Brothers Wall	1.7	-1	Lead	Onsight	Sport	
2017-08-31	Rat Stew	5.10a 6a 18 VI+ 18 E1 5a		https://www.mountainproject.com/v/rat-stew/106061906	1	Kentucky : Red River Gorge : Muir Valley : Bruise Brothers Wall	3.1	-1	Lead	Onsight	Sport	
2017-08-31	Critters on the Cliff	5.10c 6b 20 VII 20 E2 5b		https://www.mountainproject.com/v/critters-on-the-cliff/106061920	1	Kentucky : Red River Gorge : Muir Valley : Bruise Brothers Wall	3.0	-1	Lead		Sport	
2017-08-26	Madame Grunnebaum's Wulst	5.6 4c 14 V 12 S 4b	Followed P1. Led pitches 2 and 3 linked. Lots and lots of drag, more double len next time	https://www.mountainproject.com/v/madame-grunnebaums-wulst/105799697	3	New York : The Gunks : The Trapps : f. The Guides' Wall (Madame...	3.7	-1	Lead	Onsight	Trad	
2017-08-26	Triple Bulges	5.5 4b 13 IV+ 11 MS 4a	Followed P1 and led P2.	https://www.mountainproject.com/v/triple-bulges/105810522	2	New York : The Gunks : The Trapps : f. The Guides' Wall (Madame...	2.2	-1	Lead	Onsight	Trad	
2017-08-26	Finger Locks or Cedar Box	5.5 4b 13 IV+ 11 MS 4a		https://www.mountainproject.com/v/finger-locks-or-cedar-box/106055576	1	New York : The Gunks : The Trapps : f. The Guides' Wall (Madame...	2.4	-1	Lead	Onsight	Trad	
2017-08-13	Short Job	5.4 4a 12 IV 10 VD 3c		https://www.mountainproject.com/v/short-job/107816567	2	New York : The Gunks : The Trapps : a1. The Uberfall - left	1.9	-1	Lead	Onsight	Trad, TR	
2017-08-13	Rhododendron	5.6 4c 14 V 12 S 4b		https://www.mountainproject.com/v/rhododendron/105810485	1	New York : The Gunks : The Trapps : a2. The Uberfall - right	2.7	-1	Lead	Redpoint	Trad	
2017-08-13	Laurel	5.7 5a 15 V+ 13 MVS 4b		https://www.mountainproject.com/v/laurel/105810464	1	New York : The Gunks : The Trapps : a2. The Uberfall - right	2.5	-1	Lead	Redpoint	Trad	
2017-08-13	Pas de Deux	5.8 5b 16 VI- 15 HVS 4c		https://www.mountainproject.com/v/pas-de-deux/105829283	2	New York : The Gunks : The Trapps : c. Frog's Head - the Arch	2.6	-1	Follow		Trad	
2017-07-29	Gorilla My Dreams	5.7 5a 15 V+ 13 MVS 4b		https://www.mountainproject.com/v/gorilla-my-dreams/107098017	3	New York : The Gunks : The Trapps : d. Strictly - Shockley's	2.2	-1	Lead	Onsight	Trad	
2017-07-29	Immaculate Virgin	5.6 4c 14 V 12 S 4b PG13		https://www.mountainproject.com/v/immaculate-virgin/106285235	2	New York : The Gunks : The Trapps : f. The Guides' Wall (Madame...	2.3	-1	Lead	Onsight	Trad	
2017-07-22	Frog's Head	5.6 4c 14 V 12 S 4b	Led pitch 2	https://www.mountainproject.com/v/frogs-head/105799771	2	New York : The Gunks : The Trapps : c. Frog's Head - the Arch	3.1	-1	Lead	Onsight	Trad	
2017-07-22	Baby	5.6 4c 14 V 12 S 4b	Led pitch 2	https://www.mountainproject.com/v/baby/105799782	2	New York : The Gunks : The Trapps : c. Frog's Head - the Arch	3.0	-1	Lead	Onsight	Trad	
2017-07-09	RMC	5.5 4b 13 IV+ 11 MS 4a	Led pitch 1	https://www.mountainproject.com/v/rmc/106134054	3	New York : The Gunks : The Trapps : b. Jackie and friends	2.4	-1	Lead	Onsight	Trad	
2017-07-09	Horseman	5.5 4b 13 IV+ 11 MS 4a	Led pitch 2	https://www.mountainproject.com/v/horseman/105799721	1	New York : The Gunks : The Trapps : a1. The Uberfall - left	3.4	-1	Lead	Onsight	Trad	
2017-07-09	Ken's Crack	5.7+ 5a 15 V+ 13 MVS 4b		https://www.mountainproject.com/v/kens-crack/105799779	1	New York : The Gunks : The Trapps : a2. The Uberfall - right	3.0	-1			Trad	
2017-07-09	Nice Crack Climb	5.7 5a 15 V+ 13 MVS 4b		https://www.mountainproject.com/v/nice-crack-climb/106133727	1	New York : The Gunks : The Trapps : a1. The Uberfall - left	2.2	-1	Lead	Onsight	Trad	
2017-07-07	Jackie	5.5 4b 13 IV+ 11 MS 4a	Led pitch 2	https://www.mountainproject.com/v/jackie/105812940	2	New York : The Gunks : The Trapps : b. Jackie and friends	3.0	-1	Lead	Onsight	Trad	
2017-07-05	Wind Ridge	5.7 5a 15 V+ 13 MVS 4b	Led pitch 3 	https://www.mountainproject.com/v/wind-ridge/105748361	4	Colorado : Boulder : Eldorado Canyon SP : The Wind Tower : Wind Tower - SW Face	3.1	-1	Lead	Onsight	Trad	
2017-07-05	Breezy	5.5 4b 13 IV+ 11 MS 4a	Led pitch 2	https://www.mountainproject.com/v/breezy/105750472	2	Colorado : Boulder : Eldorado Canyon SP : The Wind Tower : Wind Tower - SW Face	2.4	-1	Lead	Flash	Trad	
2017-07-04	Freeway	5.0 2- 4 I 6 MM 1c		https://www.mountainproject.com/v/freeway/105752023	6	Colorado : Boulder : Flatirons : North : Second Flatiron	3.1	-1	Solo		Trad	
2017-07-04	Pine Tree Route	5.5 4b 13 IV+ 11 MS 4a		https://www.mountainproject.com/v/pine-tree-route/105756574	1	Colorado : Boulder : Boulder Canyon : Elephant Buttresses : Second Buttress	1.9	-1			Trad, TR	
2017-07-02	Holiday Road	5.8 5b 16 VI- 15 HVS 4c		https://www.mountainproject.com/v/holiday-road/106505012	1	Colorado : Golden : Clear Creek Canyon : The Canal Zone	2.1	-1	Lead	Onsight	Sport	
2017-07-02	Swanson Arete	5.5 4b 13 IV+ 11 MS 4a	Led pitches 1 and 3	https://www.mountainproject.com/v/swanson-arete/105748651	3	Colorado : Boulder : Eldorado Canyon SP : Redgarden Wall : Redgarden - Lumpe to the to...	3.1	-1	Lead	Onsight	Trad	
2017-07-02	Batso Canal	5.10b/c 6b 20 VII 20 E2 5b		https://www.mountainproject.com/v/batso-canal/106220088	1	Colorado : Golden : Clear Creek Canyon : The Canal Zone	2.7	-1			Sport	
2017-07-02	Panama Red	5.10- 6a 18 VI+ 18 E1 5a		https://www.mountainproject.com/v/panama-red/106210200	1	Colorado : Golden : Clear Creek Canyon : The Canal Zone	2.6	-1	Lead	Onsight	Sport	
2017-07-02	Gondolier Arete	5.10a 6a 18 VI+ 18 E1 5a		https://www.mountainproject.com/v/gondolier-arete/106210217	1	Colorado : Golden : Clear Creek Canyon : The Canal Zone	2.3	-1	Lead	Onsight	Sport	
2017-07-02	Beasto	5.10- 6a 18 VI+ 18 E1 5a		https://www.mountainproject.com/v/beasto/106243288	1	Colorado : Golden : Clear Creek Canyon : The Canal Zone	2.4	-1	Lead		Sport	
2017-07-02	Skimbleshanks	5.8- 5b 16 VI- 14 VS 4c		https://www.mountainproject.com/v/skimbleshanks/105749530	1	Colorado : Golden : Clear Creek Canyon : The Catslab	2.9	-1	Lead	Onsight	Sport	
2017-06-30	Breezy	5.5 4b 13 IV+ 11 MS 4a	Led 1st pitch 	https://www.mountainproject.com/v/breezy/105750472	2	Colorado : Boulder : Eldorado Canyon SP : The Wind Tower : Wind Tower - SW Face	2.4	-1	Lead	Onsight	Trad	
2017-06-16	Dennis	5.5 4b 13 IV+ 11 MS 4a		https://www.mountainproject.com/v/dennis/105968655	2	New York : The Gunks : The Trapps : b. Jackie and friends	2.4	-1	Lead	Onsight	Trad	
2017-06-16	Three Pines	5.3 3+ 10 III 9 VD 3a	Followed pitches 2 and 3	https://www.mountainproject.com/v/three-pines/105799108	3	New York : The Gunks : The Trapps : e. The Mac Wall (Something ...	3.0	-1	Lead	Onsight	Trad	
2017-06-16	Yale	5.3 3+ 10 III 9 VD 3a		https://www.mountainproject.com/v/yale/109149831	1	New York : The Gunks : The Trapps : a2. The Uberfall - right	1.6	-1	Lead	Onsight	Trad	
2017-06-16	Betty	5.3 3+ 10 III 9 VD 3a		https://www.mountainproject.com/v/betty/105920873	2	New York : The Gunks : The Trapps : b. Jackie and friends	2.7	-1	Follow		Trad	
2017-06-02	Easy Overhang	5.2 3 8 II 8 D 2c		https://www.mountainproject.com/v/easy-overhang/106034654	2	New York : The Gunks : The Trapps : c. Frog's Head - the Arch	2.8	-1	Lead	Onsight	Trad	
2017-05-21	Dirty Swing	5.7 5a 15 V+ 13 MVS 4b	Sent, fun climb 	https://www.mountainproject.com/v/dirty-swing/106381405	1	Pennsylvania : Southeastern Lowlands : Birdsboro Quarry : Orange Sunshine Wall	1.6	-1			Sport	
2017-04-23	Easy Overhang	5.2 3 8 II 8 D 2c	Led the second pitch, lots of fun 	https://www.mountainproject.com/v/easy-overhang/106034654	1	New York : The Gunks : The Trapps : c. Frog's Head - the Arch	2.8	-1			Trad	
2017-04-23	Betty	5.3 3+ 10 III 9 VD 3a	Led, really fun 	https://www.mountainproject.com/v/betty/105920873	1	New York : The Gunks : The Trapps : b. Jackie and friends	2.7	-1			Trad	
2017-04-16	CCK Direct	5.9 5c 17 VI 17 HVS 5a PG13	Followed with the first pitch erect direction 	https://www.mountainproject.com/v/cck-direct/105801940	1	New York : The Gunks : The Trapps : h. The Arrow Wall - CCK	3.8	-1			Trad	
2017-04-16	Bonnie's Roof	5.9 5c 17 VI 17 HVS 5a	Followed, fun route 	https://www.mountainproject.com/v/bonnies-roof/105801433	1	New York : The Gunks : The Trapps : i. High E	3.8	-1			Trad	
2017-04-16	Erect Direction	5.10c 6b 20 VII 20 E2 5b	Followed first pitch	https://www.mountainproject.com/v/erect-direction/105799041	1	New York : The Gunks : The Trapps : h. The Arrow Wall - CCK	3.7	-1			Trad	
2017-04-02	Modern Times	5.8+ 5b 16 VI- 15 HVS 4c	Followed, wet at the crux move but still really fun	https://www.mountainproject.com/v/modern-times/105799085	2	New York : The Gunks : The Trapps : h. The Arrow Wall - CCK	3.6	-1			Trad	
2017-04-02	High Exposure	5.6 4c 14 V 12 S 4b		https://www.mountainproject.com/v/high-exposure/105798994	2	New York : The Gunks : The Trapps : i. High E	3.8	-1			Trad	
2017-04-02	Directissima	5.9 5c 17 VI 17 HVS 5a	Fun route, first pitch has some nice balancey parts	https://www.mountainproject.com/v/directissima/105799563	2	New York : The Gunks : The Trapps : i. High E	3.7	-1			Trad	
2017-03-27	 Murano	5.10c 6b 20 VII 20 E2 5b	TR'ed, fun route	https://www.mountainproject.com/v/-murano/106125082	1	Kentucky : Red River Gorge : Pendergrass-Murray Recreati... : The Gallery	2.7	-1			Sport	
2017-03-27	27 Years of Climbing	5.8 5b 16 VI- 15 HVS 4c	Led, probably best 5.8 I've done	https://www.mountainproject.com/v/27-years-of-climbing/106125099	1	Kentucky : Red River Gorge : Pendergrass-Murray Recreati... : The Gallery	3.5	-1			Sport	
2017-03-27	A Brief History of Climb	5.10b 6a+ 19 VII- 19 E2 5b	TR'ed, some epic rests	https://www.mountainproject.com/v/a-brief-history-of-climb/106125070	1	Kentucky : Red River Gorge : Pendergrass-Murray Recreati... : The Gallery	3.7	-1			Sport	
2017-03-27	Johnny B. Good	5.11a 6c 22 VII+ 22 E3 5c	TR'ed, cool roof finish	https://www.mountainproject.com/v/johnny-b-good/106154626	1	Kentucky : Red River Gorge : Pendergrass-Murray Recreati... : The Gallery	3.3	-1			Sport	
2017-03-27	Mona Lisa Overdrive 	5.11b 6c 23 VIII- 23 E3 5c	TR'ed, awesome bubble. Got caught in the rain	https://www.mountainproject.com/v/mona-lisa-overdrive-/106925375	1	Kentucky : Red River Gorge : Pendergrass-Murray Recreati... : Solar Collector/Gold Coast	2.8	-1			Sport	
2017-03-27	Decline of Western Civilization	5.10a 6a 18 VI+ 18 E1 5a	Led, fun climb	https://www.mountainproject.com/v/decline-of-western-civilization/107878537	1	Kentucky : Red River Gorge : Pendergrass-Murray Recreati... : Solar Collector/Gold Coast	2.3	-1			Sport	
2017-03-27	Make  A Wish	5.10a/b 6a+ 19 VI+ 19 E2 5b	Led, cool finish!	https://www.mountainproject.com/v/make-a-wish/106081926	1	Kentucky : Red River Gorge : Pendergrass-Murray Recreati... : Drive-By Crag	2.4	-1			Sport	
2017-03-27	Whip-Stocking	5.11a 6c 22 VII+ 22 E3 5c	TR'ed, tough to stay on the wall towards the end	https://www.mountainproject.com/v/whip-stocking/106081917	1	Kentucky : Red River Gorge : Pendergrass-Murray Recreati... : Drive-By Crag	3.6	-1			Sport	
2017-03-27	AWOL	5.10a 6a 18 VI+ 18 E1 5a		https://www.mountainproject.com/v/awol/105880940	1	Kentucky : Red River Gorge : Graining Fork Nature Preser...	2.9	-1	Lead		Sport	
2017-03-27	Up Yonder	5.11b 6c 23 VIII- 23 E3 5c		https://www.mountainproject.com/v/up-yonder/105901381	1	Kentucky : Red River Gorge : Graining Fork Nature Preser...	3.0	-1	TR		Sport	
2016-10-16	Sunless in Seattle	5.7 5a 15 V+ 13 MVS 4b	Fun little slab climb	https://www.mountainproject.com/v/sunless-in-seattle/106384850	1	Pennsylvania : Southeastern Lowlands : Birdsboro Quarry : Beer Wall (Reservoir Level)	2.0	-1			Sport	
2016-10-16	Rain Check Direct	5.7+ 5a 15 V+ 13 MVS 4b	Fun, short	https://www.mountainproject.com/v/rain-check-direct/106931093	1	Pennsylvania : Southeastern Lowlands : Birdsboro Quarry : Main Wall	1.5	-1			Sport	
2016-10-16	Arocknophobia	5.7 5a 15 V+ 13 MVS 4b	Fun, short	https://www.mountainproject.com/v/arocknophobia/106931088	1	Pennsylvania : Southeastern Lowlands : Birdsboro Quarry : Main Wall	1.5	-1			Sport	
2016-10-16	Itching to Climb	5.8- 5b 16 VI- 14 VS 4c	Fun slab with good holds	https://www.mountainproject.com/v/itching-to-climb/106381102	1	Pennsylvania : Southeastern Lowlands : Birdsboro Quarry : Main Wall	2.6	-1			Sport	
2016-10-03	Shockley's Ceiling	5.6 4c 14 V 12 S 4b		https://www.mountainproject.com/v/shockleys-ceiling/105799687	3	New York : The Gunks : The Trapps : d. Strictly - Shockley's	3.5	-1			Trad	
2016-10-03	Three Pines	5.3 3+ 10 III 9 VD 3a		https://www.mountainproject.com/v/three-pines/105799108	3	New York : The Gunks : The Trapps : e. The Mac Wall (Something ...	3.0	-1			Trad	
2016-09-14	Pippy the Zenhead	5.9 5c 17 VI 17 HVS 5a	Led, 1 fall	https://www.mountainproject.com/v/pippy-the-zenhead/106170901	1	California : Sierra Eastside : Bishop Area : Owens River Gorge : Upper Gorge : Gorgeous Towers	2.4	-1			Sport	
2016-09-14	Cinderella	5.9 5c 17 VI 17 HVS 5a	Led, 1 fall	https://www.mountainproject.com/v/cinderella/105971555	1	California : Sierra Eastside : Bishop Area : Owens River Gorge : Upper Gorge : All You Can Eat	2.7	-1			Sport	
2016-09-14	Crotalulsley Challenged	5.6 4c 14 V 12 S 4b	Led	https://www.mountainproject.com/v/crotalulsley-challenged/106546516	1	California : Sierra Eastside : Bishop Area : Owens River Gorge : Upper Gorge : All You Can Eat	1.9	-1			Sport	
2016-09-14	Heart of the Sun	5.9 5c 17 VI 17 HVS 5a	Toproped	https://www.mountainproject.com/v/heart-of-the-sun/105897050	1	California : Sierra Eastside : Bishop Area : Owens River Gorge : Central Gorge : Great Wall of China	3.1	-1			Sport	
2016-09-14	Breaking Wind	5.7 5a 15 V+ 13 MVS 4b	Led	https://www.mountainproject.com/v/breaking-wind/107609133	1	California : Sierra Eastside : Bishop Area : Owens River Gorge : Central Gorge : Warm Up Wall	2.3	-1			Sport	
2016-09-14	High Seas	5.7 5a 15 V+ 13 MVS 4b	Led	https://www.mountainproject.com/v/high-seas/105897513	1	California : Sierra Eastside : Bishop Area : Owens River Gorge : Central Gorge : Warm Up Wall	2.4	-1			Sport	
2016-09-14	Crowd Pleaser	5.9 5c 17 VI 17 HVS 5a	Led, 2 takes	https://www.mountainproject.com/v/crowd-pleaser/105897024	1	California : Sierra Eastside : Bishop Area : Owens River Gorge : Central Gorge : Warm Up Wall	2.7	-1			Sport	
2016-09-14	Babushka	5.8 5b 16 VI- 15 HVS 4c	Led	https://www.mountainproject.com/v/babushka/105896621	1	California : Sierra Eastside : Bishop Area : Owens River Gorge : Central Gorge : Warm Up Wall	2.8	-1			Sport	
2016-09-14	String of Pearls	5.8 5b 16 VI- 15 HVS 4c	Led	https://www.mountainproject.com/v/string-of-pearls/109027777	1	California : Sierra Eastside : Bishop Area : Owens River Gorge : Central Gorge : Warm Up Wall	2.6	-1			Sport	
2016-08-21	The Maltese Falcon	5.8 5b 16 VI- 15 HVS 4c	Sent!	https://www.mountainproject.com/v/the-maltese-falcon/107543321	1	New Hampshire : *Rumney : Armed and Dangerous Area (M...	2.2	-1			Sport	
2016-08-21	The Big Easy	5.7 5a 15 V+ 13 MVS 4b	Sent!	https://www.mountainproject.com/v/the-big-easy/106052151	2	New Hampshire : *Rumney : Armed and Dangerous Area (M...	2.5	-1			Sport	
2016-08-21	Toxic Gumbo	5.8 5b 16 VI- 15 HVS 4c	Sent!	https://www.mountainproject.com/v/toxic-gumbo/106148885	1	New Hampshire : *Rumney : Armed and Dangerous Area (M...	2.5	-1			Sport	
2016-08-21	The Sand People	5.8+ 5b 16 VI- 15 HVS 4c	Sent!	https://www.mountainproject.com/v/the-sand-people/105917400	1	New Hampshire : *Rumney : Darth Vader	2.0	-1			Sport	
2016-08-21	Masterpiece	5.10a 6a 18 VI+ 18 E1 5a	1 take on lead	https://www.mountainproject.com/v/masterpiece/105878204	1	New Hampshire : *Rumney : Bonsai	3.1	-1			Sport	
2016-08-21	War and  Peace	5.9+ 5c 17 VI 17 E1 5a	Led 1 take	https://www.mountainproject.com/v/war-and-peace/105878619	1	New Hampshire : *Rumney : Bonsai	2.7	-1			Sport	
2016-08-20	Raven	5.8 5b 16 VI- 15 HVS 4c	Sent!	https://www.mountainproject.com/v/raven/105924554	1	New Hampshire : *Rumney : 5.8 Crag	1.7	-1			Sport	
2016-08-20	Asbury Park	5.7 5a 15 V+ 13 MVS 4b	Sent!	https://www.mountainproject.com/v/asbury-park/105922314	1	New Hampshire : *Rumney : 5.8 Crag	1.8	-1			Sport	
2016-08-19	Red Sea Pedestrian	5.10b 6a+ 19 VII- 19 E2 5b	Hard, many takes	https://www.mountainproject.com/v/red-sea-pedestrian/105956200	1	New Hampshire : *Rumney : The Parking Lot Wall	2.0	-1			Sport	
2016-08-19	Squeeze My Lemon	5.8 5b 16 VI- 15 HVS 4c	Sent!	https://www.mountainproject.com/v/squeeze-my-lemon/106071435	1	New Hampshire : *Rumney : The Parking Lot Wall	2.2	-1			Sport	
2016-08-19	Easily Amused	5.7 5a 15 V+ 13 MVS 4b	Toproped	https://www.mountainproject.com/v/easily-amused/105966659	1	New Hampshire : *Rumney : The Parking Lot Wall	1.7	-1			Sport	
2016-08-19	Easily Aroused	5.9 5c 17 VI 17 HVS 5a	Led, many takes	https://www.mountainproject.com/v/easily-aroused/105971474	1	New Hampshire : *Rumney : The Parking Lot Wall	1.7	-1			Sport	
2016-08-19	Rose Garden	5.7 5a 15 V+ 13 MVS 4b	Sent! Really fun	https://www.mountainproject.com/v/rose-garden/105923573	1	New Hampshire : *Rumney : The Meadows : No Money Down (Left)	1.8	-1			Sport	
2016-08-19	Mom's Pancake 	5.5 4b 13 IV+ 11 MS 4a	Sent!	https://www.mountainproject.com/v/moms-pancake-/106057691	1	New Hampshire : *Rumney : The Meadows : Center Section	2.0	-1			Sport	
2016-08-19	Hippos on Parade	5.9 5c 17 VI 17 HVS 5a	Led with many takes	https://www.mountainproject.com/v/hippos-on-parade/105961400	1	New Hampshire : *Rumney : The Meadows : Center Section	2.6	-1			Sport	
2016-08-19	Lies and Propaganda	5.9 5c 17 VI 17 HVS 5a	Led with many takes	https://www.mountainproject.com/v/lies-and-propaganda/105923839	1	New Hampshire : *Rumney : The Meadows : Center Section	2.6	-1			Sport	
2016-07-10	Clown Shoes	5.8+ 5b 16 VI- 15 HVS 4c	Led	https://www.mountainproject.com/v/clown-shoes/110425313	1	Pennsylvania : Southeastern Lowlands : Birdsboro Quarry : Zorro Wall	2.2	-1			Sport	
2016-07-10	Liken' the Lichen	5.8 5b 16 VI- 15 HVS 4c	Led	https://www.mountainproject.com/v/liken-the-lichen/109526460	1	Pennsylvania : Southeastern Lowlands : Birdsboro Quarry : Zorro Wall	1.7	-1			Sport	
2016-07-10	Jengaistic	5.8 5b 16 VI- 15 HVS 4c	Led	https://www.mountainproject.com/v/jengaistic/109391014	1	Pennsylvania : Southeastern Lowlands : Birdsboro Quarry : Zorro Wall	2.2	-1			Sport	
2016-07-10	Got Choss	5.7 5a 15 V+ 13 MVS 4b	Led	https://www.mountainproject.com/v/got-choss/110938664	1	Pennsylvania : Southeastern Lowlands : Birdsboro Quarry : Zorro Wall	1.6	-1			Sport	
2016-07-10	Face O Meter	5.10a 6a 18 VI+ 18 E1 5a	Top roped, multiple takes	https://www.mountainproject.com/v/face-o-meter/106381198	1	Pennsylvania : Southeastern Lowlands : Birdsboro Quarry : Zorro Wall	2.4	-1			Sport	
2016-07-10	Zorro Corner (Son of Zorro)	5.8+ 5b 16 VI- 15 HVS 4c	Led	https://www.mountainproject.com/v/zorro-corner-son-of-zorro/106381213	1	Pennsylvania : Southeastern Lowlands : Birdsboro Quarry : Zorro Wall	2.1	-1			Sport	
2016-07-10	Jenga	5.10a 6a 18 VI+ 18 E1 5a	Led	https://www.mountainproject.com/v/jenga/106540876	1	Pennsylvania : Southeastern Lowlands : Birdsboro Quarry : Zorro Wall	2.8	-1			Sport	
2016-07-10	Orange Sunshine	5.8 5b 16 VI- 15 HVS 4c	Led, 1 take	https://www.mountainproject.com/v/orange-sunshine/106381417	1	Pennsylvania : Southeastern Lowlands : Birdsboro Quarry : Orange Sunshine Wall	2.7	-1			Sport	
2016-07-10	Face is Great - Choss is Off	5.8 5b 16 VI- 15 HVS 4c	Led	https://www.mountainproject.com/v/face-is-great---choss-is-off/106920816	1	Pennsylvania : Southeastern Lowlands : Birdsboro Quarry : Zorro Wall	1.8	-1			Sport	
2016-07-05	Yoda	5.9 5c 17 VI 17 HVS 5a	Led, 2 takes	https://www.mountainproject.com/v/yoda/105906879	1	New Hampshire : *Rumney : Darth Vader	3.0	-1			Sport	
2016-07-05	Masterpiece	5.10a 6a 18 VI+ 18 E1 5a	Led	https://www.mountainproject.com/v/masterpiece/105878204	1	New Hampshire : *Rumney : Bonsai	3.1	-1			Sport	
2016-07-04	Piece of Cake	5.5 4b 13 IV+ 11 MS 4a	Led	https://www.mountainproject.com/v/piece-of-cake/106491699	1	New Hampshire : *Rumney : Jimmy Cliff	2.0	-1			Sport	
2016-07-04	Lonesome Dove	5.10a 6a 18 VI+ 18 E1 5a	Top roped, 2 takes/falls	https://www.mountainproject.com/v/lonesome-dove/105879126	1	New Hampshire : *Rumney : Jimmy Cliff	3.6	-1			Sport	
2016-07-04	Metamorphosis	5.8+ 5b 16 VI- 15 HVS 4c	Led, 1 take	https://www.mountainproject.com/v/metamorphosis/105959363	1	New Hampshire : *Rumney : Armed and Dangerous Area (M...	3.2	-1			Sport	
2016-07-04	Toxic Gumbo	5.8 5b 16 VI- 15 HVS 4c	Led, 1 take	https://www.mountainproject.com/v/toxic-gumbo/106148885	1	New Hampshire : *Rumney : Armed and Dangerous Area (M...	2.5	-1			Sport	
2016-07-04	TeacherÂ’s Pet	5.7 5a 15 V+ 13 MVS 4b	Led	https://www.mountainproject.com/v/teachers-pet/105925169	1	New Hampshire : *Rumney : Jimmy Cliff	1.8	-1			Sport	
2016-07-03	Rise and Shine	5.7 5a 15 V+ 13 MVS 4b	Led	https://www.mountainproject.com/v/rise-and-shine/105962922	1	New Hampshire : *Rumney : The Parking Lot Wall	2.4	-1			Sport	
2016-07-03	Shealyn's Way	5.7 5a 15 V+ 13 MVS 4b	Led, really cool with a nice chimney!	https://www.mountainproject.com/v/shealyns-way/105962298	1	New Hampshire : *Rumney : The Parking Lot Wall	2.7	-1			Sport	
2016-07-03	Chloe's Breakfast Special	5.8 5b 16 VI- 15 HVS 4c	Led	https://www.mountainproject.com/v/chloes-breakfast-special/105900343	1	New Hampshire : *Rumney : The Parking Lot Wall	2.5	-1			Sport	
2016-07-03	Egg McMeadows	5.9+ 5c 17 VI 17 E1 5a	Led, 2 takes	https://www.mountainproject.com/v/egg-mcmeadows/105962933	1	New Hampshire : *Rumney : The Parking Lot Wall	2.3	-1			Sport	